[],123456,간호는 여초인데도,페미세력 거의없거든 근데 씨발 여초페미 인냥 까대는거 너무 같다  개씨발 페미년들때문에 뭔난리냐,2018-06-13,3
[],123456,예쁘기만하고 매력은 없는,있지 달라달라가페미노래라는데 실화,2018-06-13,3
[],123456,워마드 신상 털이 관련해서 경찰서 다녀온 썰   FOC 간단하게,난 군대에서 복학한지 이제 일 년도 안되는 여초과 학생임 대부분 그렇듯이 여학우들은 졸업을 했거나 취준 중이라 바빠서 주변에 여사친이라곤 하나도 없다 그런데 갑자기 모르는 사람한테 연락이 왔음 자기를 중앙대학교 다른과 학우라고 밝힌 사람이었는데 자기가 워마드를 비롯한 여러 사이트에 신상이 올라와서 모니터링 하면서 증거를 찾고 있었대 근데 거기서 중앙대학교 제목의 글에 내 신상정보가 올라왔다고 확인해보라고 그러는거 그래서 확인해봤더니 내 sns 아이디랑 사진이랑 여러 개인정보가 올려져있었음 아 이게 뭔일인가싶어 상황파악 하고있었음 난 여사친들이랑 연락 끊긴지가 오랜데 누가 나한테 원한을 가지고 이랬을까 하루종일 생각했다 그러다 나한테 이걸 가르쳐준 학우가 조만간 자기 경찰서 갈거니까 자기랑 같이 가고싶으면 가자고 그러길래 같이 갔음 그게 3월말 같이 만나서 동작경찰서 3층 사이버수사팀가서 진술했음 30분 조사했나 고소장쓰고 맞는지 확인하고 지장 찍고 그랬음 오래 걸릴거래 근데 벌써 2달이 지났는데 아무 연락이 없다 나나 그 친구 신상이 올라온 사이트에는 아직도 여러 남자들 신상이 올라오는데 글도 안못지워주고있고 사이트 정지도 안먹이고 우리한테 도움이 되는건 하나도 없음 그래서 인터넷 찾아봤더니 워마드는 사실상 범인 못잡는다고 보면된다고 그러더라 운영자가 경찰 협조 쌩깐다고 나랑 같이간 학우는 너무 답답해서 자기 스스로 범인 추리하고 함정파고 뭐해서 대충 자기 과에 몇명인거 알아냈고 거의 확신한대 근데 나같은 경우에는 누군지 확인할 방법도 예방할 방법도 없다뭐 술김에 길게 개소리했는데 너희들은 웬만하면 sns에 사진 올려놓지말라는 말 하고싶음 올려놓을거면 친구공개 해놓던가 난 연락하는 여사친 없고 원한도 없을텐데 인스타에 공개해놓은 내 사진이 워마드에 올라갔음 인스타 주소랑 같이 사실상 워마드 올라가면 운영자가 협조 쌩까서 이걸 잡을수있는 방법이 없다고 하더라 인터넷 쳐보면 단순한 모욕죄나 명예훼손도 가해자 특정이 한달내로 이루어지는 경우가 대부분인데 난 두달이 넘었는데 소식이 없어아 그리고 잠깐 foc 얘기 해보자면 위에 언급한 다른과학우 과가 최근에 foc관련해서 언급 좀 있는과더라 페미끼도 좀 있는과고 정국은 아니고 남의 신상이라 자세히 언급해주진 못하지만 foc 관련 단체 글에 좋아요 누르고 총학 글에 화나요 누르고 그런 애들이 많은 관데 그런 과에 구성원 몇명이 한 남자애 신상을 워마드에 올리고 조리돌림 했다는데 ,2018-06-13,7
[],123456,공대여자는 페미가 잘 없는거 같음,취집 안하고지가 직접 돈 벌 생각으로공부량 많은 공대 간 게페미랑 거리가 있어 보인다,2018-06-13,6
[],123456,대림동 여경 조롱과 비난에 대해 다시 생각해보시길 바랍니다,httpscmasiaecokrviewhtmno2019051813490784400Redyho일단 이 기사에서 경찰 관계자의 증언에 따르면 해당 여경이 도움을 요청한 사람은 매체에 알려진것처럼 일반 시민이 아닌 교통순찰차에서 내린 경찰이었다고 해요 그로 하여금 제압이 된 다음 여경 자신이 수갑을 직접 채웠다고 합니다 일반 시민에게 수갑을 맡겼다 라는 의혹에 대한 해명 저는 이같이 능력도 안되는 여자를 여경에 대한 낮은 기준으로 뽑아서는 유리천장이라고 광광대지말고 능력이 되는 사람을 뽑아야한다 여자들이 꿀빨려고 한다 라는 조롱으로 넘어가는 행태가 엄연한 이중잣대라고 생각됩니다 현직 경찰들의 성매매 여경 성폭행 경찰과 유흥업소간의 유착이 기사화되고 문제가 되었을때 아무도 문제를 일으킨 경찰들의 성별에 주목하지 않았습니다 남자가 경찰을 하니까 저런 일이 생기지 정신 머리 똑바로 박힌 남자만 뽑아라 이런 말은 하지 않았다는 말입니다 그냥 그 사건을 일으킨 사람들만 보고 비난을 했다는 겁니다 그런 비난과 일반화를 한 사람들이 있긴하죠 페미니스트들 그리고 여기 에타에 상주하시는 분들을 비롯한 많은 일반 남성들이 이러한 일반화에 분노하셨죠 하지만 이번 대림동 여경사건은 수준미달의 여경 여경에 대한 인식과 처우에 불만을 가지고 있는 페미니스트들에게 조롱과 비난의 화살이 정확히 향해있습니다 분명 대림동 사건의 경찰은 경찰으로서 신체적 수준이 현장에서 떨어졌고 책임감없는 행동을 한 것은 맞습니다 그러나 지금까지 다른 남자경찰들이 일으킨 문제에서는 잘못한 놈이 문제지 라고 성에 대한 특정성은 방관하던 사람들이 이제와서는 왜 화살이 여성과 여경 전체에게로 넘어가는 건가요 여경들이 하는게 뭐냐 기본적인것도 하지않고 체력이나 능력도 갖춰지지않으면서 오또케 오또케 거리고 앉아있다 라며 여자경찰에 대한 분노와 비난은  또 남자가 여자를 죽였다 강력범죄의 대다수가 남자에 의해 이뤄진다 그러므로 남자에 대해 분노한다 라고 하는 당신들이 혐오해마지않는 페미니스트들의 일반화 논리와 같습니다 남경들이 문제를 일으켰을때는 잘 만 해오셨던 것 처럼 그 경찰의 성별이 아닌 수준 미달이었던 개인에 대해서만 분노하시기 바랍니다 아니라면 적어도 일관성 있게 분노하시길 바랍니다 이제는 미러링 미러링의 미러링이 판을 치는 바람에 지들도 그래놓고 누가 먼저 시작했다 라고 나오면 무의미한 얘기이긴 하군요,2018-06-13,7
[],123456,산이 근황,이게 페미니즘이다 말이야,2018-06-13,9
[],123456,왜 임산부석 있잖아,그분들 맨날 임산부석에 앉은 한남이라고 사진찍어 올리고 부들거리잖아최근에 임산부석 한번 앉았다가 군사재판간 군인 사건도 그렇고애초에 배려를 강요하면서 분란조장질을 왜하는거지 그거 대우 해주는게 진짜 임신을 유도한다고 생각하나솔직히 만삭 예비엄마가 내앞에 서있으면 제정신이라면 양보하는게 정상 아니야군인보고 뭐라하던데 솔직히 군인이 앉는 경우보다 딱봐도 가임기 지난 아지매들이 훨씬 많이 앉드만말도 안되는 논리로 군인이라는 최약자 괴롭히는건 정작 그들 아니냐 나 진짜 사진 찍고싶었던 상황이 있는게 만삭여자 서있고 아줌마 앉아있는거 본적 있거든그냥 성별이나 혐오가 아니고 배려가 부족한거고 애초에 임신을 그거 무서워서 못하는거 아니잖아왜 문제가 있고 해결방법은 다른건데쓸데없이 대접좀 받아보고싶은 심리만을 만족시켜주는거야애초에 여성전용주차장 여성전용대출 이런 서비스 있다는거 자체가 코미디고 국제적 조롱감 아니냐,2018-06-13,8
[],123456,일베하는 존나 예쁜 여자는,페미 아니냐,2018-06-13,1
[],123456,길거리포교 vs 극성페미,누가 이기냐,2018-06-13,9
[],123456,니네 이건 몰랐지,밑에 인천수간남 선동글 보고 문득 생각난건데 페미니스트와 반려견의 안전한 성 이거 검열 다 통과하고 정식출간됐던 책이다 httpswwwyoutubecomwatchvdkQRixWIUM4featureyoutube추가 인천수간남 쓰니 분탕질 맞네  빤쓰런 한거 보니,2018-06-13,9
[],123456,페미보며 드는 생각,왜 근대까지 살아남은 문명은 거의 다 가부장제인지 알 수 있는 부분,2018-06-13,3
[],123456,유리천장 논할시간에,유리바닥 깨져 나락으로 떨어지는거나 조심해라여자라서 대우받는것 남자라서 차별받는것 진짜 1도 생각안하고 즤들끼리 모여서 언냐들 이거 나만불편해 오또케오또케 거리지 말고남자들이 양보하고 이해해주려고 할때 적당히 할줄을 알아야지 계속 편평한 운동장 기울이려고 쿵쾅거리다간 진짜 늬들 땅바닥으로 훅 꺼진다,2018-06-13,7
[],123456,일본야겜근황,일남충도 죽어야할듯일본어 발음 적은거랑 의미 맞음,2018-06-13,5
[],123456,페미 시초때부터 느꼈는데 여경사건이며,이미 많은 것을 역차별적으로 누리고 있음에도 불구하고 자기들의 권익만 추구하며 유리천장 타파 외칠 때누구도 수면 위로 문제 삼지도 않던 배려 속에 누리고 있는 유리바닥이 깨질 거라고 생각했는데보면 유리바닥이 진짜 깨지고 있는 듯여경사건부터 예전같았으면 남자들 무언의 배려로 여자는 신체적으로 약하니까 저 정도면 최선을 다한 거라는 이해로 묻어갈 수 있음에도 스스로 유리바닥 쿵쾅 뜀질로 박살내서 평등평등 외치더니 이제 경찰뿐만아니라 일반 회사 현장이나 사무 전반적으로 유리바닥이 깨지겠지 정상적인 남자들의 배려까지 손수 걷어차버리는 페미들의 댕청함 앞으로 회사에서도 대학교에서도 여성이라고 우대받던 배려와 유리바닥 모두 깨지길,2018-06-13,6
[],123456,특정과 학생이 모두 페미는 아니다,하지만 페미를 보면 하나같이 다 그곳이다,2018-06-13,3
[],123456,페미들아,페북에서 공개적으로 활동할거면 00학과 재학 중은 내리고해과 이름 먹칠하지 말구,2018-06-12,9
[],123456,내가 아는 여자애,전기전자공학과 다니고 존나 예쁘고 맨날 문재인 욕하고 공산주의 개싫어하던데 이러면 페미 걱정 안해도 되냐,2018-06-12,7
[],123456,근데 페미가 정치계에 좌파가 많은 이유가 뭐냐,물론 자한당에도 패미지지 세력이 있기는 하지만 더민주 정의당 보다는 확연히 적다는걸 느낌 일부 한국당 여자의원 중에서는 여성부 빨리 폐지하라는 얘기 하는 사람도 있고,2018-06-12,3
[],123456,여경도 문제지만 kbs가 더 문제임,여경은 그냥 법이 허용해주니까 경찰된 거고경찰 채용시 여성한테 특혜주는 것도 잘못된 건 맞지만 그래도 몰래 특혜주는 건 아닌데KBS는 무려 언론이 그것도 공영방송이 여경의 실책을 무마하려고 편집 영상을 마치 원본 영상인 것처럼 조작하여 선동하고진짜 원본 영상이 공개되자 일언반구의 해명도 없이 그저 유튜브 동영상을 내려버림이건 진짜 심각한 수준이라고 생각되고독재시절도 아니고 공영방송에서 대중을 선동한다는 게 페미혹은 여성단체의 입김이 어느정도인지 짐작하게 해준다고 봄페미들이 존재하지도 않는 남성카르텔을 그렇게 부르짖었던 이유는 자신들이 이미 페미카르텔을 구축해놓았기 때문이 아닌가 의심됨kbs에도 청원 기능이 있어서 누가 해당 보도 해명과 사과하라고 올렸던데다른 학우들도 문제라고 생각하면 동참해 주길 바람httppetitionskbscokrmviewhtmlpetitionsno789,2018-06-12,5
[],123456,걸캅스 진짜 웃긴 게,엔겜이 스크린 거의 먹어도 부모님 모시고 보는 가족영화용으로 볼만한 영화가 걸캅스밖에 없어서 2백만은 그냥 갔을텐데 괜히 페미 논란돼서 백만밖에 못 찍은듯,2018-06-12,7
[],123456,천안함 추모식에는 안갔으면서,광주가서는 518을 무슨 신격화를 시켜놓네파국이다대한민국 지키다가 명예롭게 목숨을 잃은 전사들을무슨 이번 정부는 숭고한 희생을 개죽음 취급하면서 더욱이 페미들은 냄져한남충들 잘뒤졌노이기야 이러면서 더 6재기9해라이기 이러고있네  하 파 국 이 다,2018-06-12,7
[],123456,일베에게 먹이주자마세요,일베애들아 국공합작으로 페미패는곳에서 너네만의 광주에 대한 일그러진 분노를 표출하면 페미들이 제일 좋아하지 않을까아 너네 일베 아니고 사실 페미라고 어쩐지,2018-06-12,10
[],123456,5 18이라고 좌우 싸우지말자,어차히 둘이 말안통하고지금 좌우합작해서 페미 박멸해야할때임 ,2018-06-12,1
[],123456,대림동 여경 욕하지마 한남들아,이게 팩트야 여혐하지마 주작하지말자httpsyoutubeD5T88GJiMqg,2018-06-12,1
[],123456,얼마나 페미에 학을 떼면,카카오페이가카카오페미로보이냐,2018-06-12,6
[],123456,남자들 조심해,언제 페미년들이 뒤에서 칼을 꽂을지 아무도 몰라,2018-06-12,10
[],123456,아니 정리좀해주라,페미가 도대체 또 무슨 등신짓한거야,2018-06-12,4
[],123456,누가 성평등에 반대합니까,주체가 학내에 만연한 강간문화를 입에 달고다니는 분들이고 그 분들이 foc 설치해서 학과마다 그걸 확산시키겠다는데 사람들이 잘도 찬성하겠습니다포스터 보신 분들은 알겠지만 페미니즘 확산이라고 당당히 적어 놓으셨는데 대다수의 사람들은 느그들 방식의 페미니즘 확산을 원치 않습니다foc 반대한다고 성평등에 반대한다 생각하지 마시고 선민의식에 차서 시대를 잘 못 태어난 잔다르크라고 착각하지 마십쇼 오히려 오직 나만이 승리로 이끌 수 있다고 외치는 0 7 1 다리우스로 보입니다,2018-06-12,3
[],123456,페미친구야 우리가 왜이러는지 알려줄게,밑글에 뭐 페북댓글들고와서이글 보고 느끼는게 없냐고 하던데너네 입장에서 이해하기 쉽게 설명해주자면남자들로만 이루어진 몰카 단속위원회를 만들겠습니다 라고 하면 너희가 믿겠냐 못믿지 막 그걸 이용해서 몰카 설치하고 다니는거 아니냐고 하겠지우리도 마찬가지야 평소에 그렇게 하루라도 안빼놓고 남자 욕 하는 사람들이 성평등담론 하는 성평등위원회 만들겠습니다 라고 하면믿겨지겠냐 세상의 반을 혐오하는 사람들이 만드는 성평등기구를 우리가 믿을 수 있겠냐고그남들 한남들 좆팔 이런 단어 쓰는거 다 알고있고 안쓴다고 하더라도 그런 단어 쓰는게 잘못 아니라고 옹호하는게 니들이잖아 근데 니들을 믿으라고응 니같으면 믿겠냐,2018-06-12,2
[],123456,정국관데 화난다,몇몇 들이 설치는 것도 화나고 과를 싸잡아서 욕하는 것도 화난다 과에 보면 진짜 다양한 사상 가진 사람들 많은데 좌파 페미 이쪽이 보여지는 활동을 많이 하다 보니까 너무 그쪽으로 이미지가 굳어진거 같음 보수진보가 같이 토론하는 소모임도 있을 정도로 생각보다 다양한 사람들이 있어몇몇이 문제를 일으키는건 알겠는데 그래도 전체를 욕하진 말아줘,2018-06-12,7
[],123456,지금 여자 싸잡아서 욕하면서 물타기하는 새끼있다 걸러라,남여 vs 페미 에서 남 vs 여로 물타기하는 새끼 있으니까 알아서 걸러라,2018-06-12,9
[],123456,갑자기 궁금한건데,고준희처럼 숏컷도 예쁜사람은 어케해야 탈코로 인정받음,2018-06-12,10
[],123456,남녀갈등을 조장시키는 건,페미니즘도 페미니즘이지만 윗대가리들의 제도 때문이기도 하다 결국 경찰이나 소방관 같은 인명이 달린 직업에도 결과의 평등을 적용시키니까 여성 할당이라는 개같은 짓을 하니까 애꿎은 국민만 온전히 피해보는 거다,2018-06-12,6
[],123456,페미 병신들은,여성주의 이지랄하면서 평등지향이라는 개소리를하네시발들아 내래 김정은동지 찬양하지만 항복만 헌다면 기껍게 냄조선 간나새기들도 포용해주갓서 이거랑 뭐가달라 이름을 진짜 평등주의로 쳐 바꾸고 말을 하던지그치만 끝까지 그 워딩은 포기못할걸 왜 그렇게하면 일방적 꿀빠니즘을 더이상 못하거든아래는 여성주의 학회 화백이 총학을 향해 보낸 무논리의 한낱 낙서에 불과하지않은 글 내용임총학생회 알파의 반인권적 비민주적 태도를 규탄한다  여성주의는 성평등을 목표로 한다 여성주의는 특정 성의 우월함을 부각하거나 특혜를 주고자 하지 않는다 오히려 소수자로서의 여성 관점으로 사회의 구조적 억압을 인지하기에 사회의 여러 소수자를 포용한다 그렇기 때문에 퀴어 장애인 노동자 난민 및 학생 등의 피억압자의 위치에 있어 차별 혐오 억압을 경험하는 사람들과 더불어 차별과 억압의 사회 구조에 반대하는 모든 사회 구성원과 함께 연대한다 그렇기에 물리적정신적 억압의 경험이 있다면 남성을 포함한 모든 젠더가 여성주의의 참여자가 될 수 있다 여성주의는 다양한 의견의 수용을 정체로 삼는 민주주의의 완성을 지향한다   그렇다면 총학생회는 얼만큼 여성주의에 대해 바르게 이해하고 있는가  총학생회는 FOCFeminism Organization in ChungAng University 사업에 대한 논란이 성평등 문화 확산이 아닌 여성주의 확산만을 위함 때문에 발생하였다고 지적하며 FOC 사업을 중단하였다 앞서 언급했듯 여성주의와 성평등 문화는 별개가 아닌 하나이다 이는 총학생회가 전반적으로 여성주의에 대한 이해가 부족하다는 사실을 드러낸다 여성주의가 불편하며 지나치게 정치적이거나 이념적으로 느껴진다면 기존의 불평등한 성적 위계질서 속에서 본인이 편안한 의자에 앉아있었기 때문이다 혹은 남성 중심주의의 성적 위계질서에 순응적인 자세로 살아와 피해를 본 경험이 없기 때문이다 모든 소수자의 목소리를 담기 위해서 FOC 사업은 반드시 진행되어야 한다 의자에서 일어나 주변을 둘러보기 바란다 작년 중앙대학교 서울캠퍼스에서는 9개의 미투 움직임이 있었고 모든 사건의 피해자는 예외 없이 모두 여성이었다 그러나 사건이 진행되는 과정 속에서 성평등한 캠퍼스를 조성하기 위한 총학생회의 유의미한 움직임은 전혀 존재하지 않았다 성폭력 사건에 가장 눈치보기 바빴으며 그렇기 때문에 성폭력 사건에서 피해자를 보호하고 성폭력을 예방하는 데에 가장 소극적인 참여자로 남았다 성평등의 가치와 성 범죄의 예방에 대한 총학생회의 열정을 FOC 사업의 재개를 통해 보여달라 총학이 학내 성평등 문화와 성범죄 예방에 대해 가장 적극적으로 지지할 수 있는 방법은 FOC 사업의 재개다 한편 현재 FOC와 관련된 논의 속에서 매우 비민주적이고 권위주의적인 방식으로 문제 해결에 접근한 총학생회 알파를 규탄한다 중앙대학교 총학생회 회칙 제 1장 총칙 제2조 목적에는 총학생회는 자유롭게 민주적인 자치활동과 창조적 비판적 학문 연구를 통하여 교시인 의와 참의 정신을 계승 발전시키고 회원의 민주 시민적 자질을 함양하여 대학 문화를 고양하고 나아가 사회발전에 기여함을 목적으로 한다고 명시되어 있다 그러나 알파 총학생회는 학교 구성원의 의견을 제대로 수용하고 소통하지 않는 태도를 보여주며 학생자치를 훼손하였다 성평위 사업과 안건을 성평위와 충분히 논의하지 않고 2019학년도 2학기 전체학생대표자회의에 안건상정을 고려하겠다고 일방적으로 통보하였다 더불어 총학생회는 FOC 설립을 중단하기 위해 자신의 소속 기구인 성평등 위원회의 의견을 검열하여 자신들의 최근 입장문에 포함시키지 않았다 성평위의 존폐 여부를 논하는 위압성을 띠는 발언은 총학생회가 성평등 위원회를 자신의 꼭두각시로 길들이려 하는게 아닌지 의심된다 불편한 존재는 내치고 편안하고 안전한 존재만 주변에 남겨두려 하는 총학생회의 편식이 심히 우려스럽다 알파는 2018년 선본 당시에 제시한 답안에 근거하여 성평등한 캠퍼스 조성을 위해 적극적으로 노력해야 한다 2018년 11월 알파 선본은 성평등위원회로부터 성평등 인권 질의서를 받았고 이에 회신하는 내용을 페이스북에 게시하였다 당시 알파 선본은 교내 성평등 의식 확산을 위해 적극적으로 노력하겠다고 밝혔다 그러나 현재 알파는 답변의 태도와 180도 다르게 성평등에서 퇴보하는 모습을 보여주었고 이에 성평등을 기대하는 모든 사람들을 크게 실망시켰다 이에 여백은 알파 총학생회에 다음을 요구하는 바이다  1알파 총학생회는 조속히 FOC 사업을 재개하여라1 알파 총학생회는 성평등 위원회에게 비민주적이며 권위주의적이었던 자신들의 행동에 대해 사과하여라1알파 총학생회는 기계적 중립에서 벗어나 성평등한 캠퍼스를 위해 적극적으로 행동하여라중앙대학교 여성주의 학회 여백,2018-06-11,10
[],123456,배 자 하나 뺐을 뿐인데,httpswwwyoutubecomchannelUC9Tr6qvOJ99A2dM5QBQYwTQ페미 잘 패주는 예쁜 누나 방송 보고가세염 ,2018-06-11,8
[],123456,FOC 사태 완벽정리,1 총학 아래 성평등위원회가 총학으로부터 독립 여자총학생회로 복귀하기위해 FOC라는 사업을 기획함 Foc의 내용은 겉으로는 성범죄핫라인설치지만 실제론 모든 학과마다 미니성평등위원회를 설치하는 것활동비는 학생회비2순조롭게 진행되는 와중 한 학우가 FOC기획서를 에브리타임 서울캠게시판에 올림 반페미여론이 형성되고 FOC에 대한 해명요구 청원이 총학 홈페이지caugsacom에 올라감3 이틀만에 200돌파 그러나 총학성평위은 명칭을 바꾸고 워마드 심볼을 빼 그대로 진행하겠다고 답변4어이가 없는 답변에 아예 성평위를 해산 인복위랑 인권센터에 기능을 이양 유죄추정의 원칙 내용의 학칙수정을 요구하는 청원이 올라감5 페미들의 방해에도고양이게시판 추천조작 등하루만에 200돌파 그러나 페미진영에서 FOC찬성 청원을 올림 이것도 하루만에 200돌파6FOC찬성청원 내용중엔 자신이 총학소속 또는 FOC관련자가 아니라고 명시 그러나 총학이 FOC를 중단시켰다는 내용이 있었음 총학이 아무런 발표도 하지 않았는데 이는 내부자가 아니면 알 수 없는것7 알고보니 청원자가 FOC관련자였고sns에서 스스로 밝힘 성평위 위원장과 친구사이 나아가 수업시간 중에 학우들에게 공개적으로 청원추천을 부탁함즉 셀프거짓청원이었던것8 총학은 일단 Foc를 중단시키고 추후 간담회를 통해 의견수렴을 하겠다고 발표9 교내 페미단체들이 각종 성명서들을 발표하며 총학을 비판 총학의 일원인 성평위는 위닝데이 행사 불참출처정국과 내 제보자들 페미단체 내 제보자총학 내 제보자 에브리타임 게시판,2018-06-11,1
[],123456,FOC 보다보다 글쓴다 이게 학교냐,FOC 페미니스트 성평등 요샌 나라도 이난리 안치던데 학교에서 이러고있네 그래 배치가된다면 무슨일을 하실건데요전문적인 지식자격 있으신 분들로만 구성하는거죠그것도 아니면 왜 필요한거에요실질적으로 아무런 자격도 능력도 없으시면서 어떤것을 어떻게 바꿔주고 고쳐줄건데요사회적으로도 어떤전문가가있던 해결하기 어려웠던 갈등을 너네가 정말 각 과별로 뭘 배치해놓고 확실하게 그런것들을 바꿀수있다고 그러는거지너네 그렇게 하려면 돈 드는거잖아그 돈 내 돈이잖아 돈값 할꺼냐할꺼면 돈값할만한 사람 앉혀놔라 전문지식을 바탕으로 근거있는 증명서 몇장 들고있든지 제대로된 인권 전문가를 데려오든 해라 어디 같잖은 분들끼리 성평등 어쩌고 랍시고 과마다 앉혀놓고 의지만 앞서고 주둥이만 살아서 입터는데 돈날리지말고 자신없으면 그냥 하지말고잘생각해라 불키고 지켜보는 눈이 몇개일지지금이야 한다 하지마라 지만 그때는 니네가 조금이라도 똑바로 못하면 어떻게되는건지,2018-06-11,8
[],123456,FOC 정확하게 정리해드림필독해라,1 성평위에서 성평등자치기구라는 주제로 제안서를 제시한거같음 이에 총학은 건전한 성평등문화를 전달한다고 하니까 그게 문제가 될게없고 좋으니까 승인2 하지만 그 속에는 전에는 보이지 않았던 과도한 페미 성향이 있었고 사업을 진행하려고하는순간 속내를 보이기 시작함 모든 각 과에 foc를 설치해서 화력키울라한거지 3 이에 반대하는 정상인들은 중대청원에 반대글을 올림 하지만 성평위를 한번 더 믿은 총학은 그래 문제가 되는 페미니즘이란 말을 없애고 정상적인 성평등문화를 전할거지생각하고 이름을 바꾸고 사업진행을 지켜보자고 답변함4 근데 또 청원이 올라옴 아예 이번엔 성평위 해산임근데 여기서 또 불리할때만 단합하는 우리 페미분들은 사업을 다시 진행하자는 실수투성이 청원글을 올림 수정할 수도 없는 청원글에는 아직 결정되지도 않은 사안에 대해서 내부회의유출한 내용이 적혀있고 성평위 본인들이 아닌 다른 학우의 아이디로 작성함 성평위원장님은 수업시간에도 청원글에 좋아요 눌러달라고 나와서 말했다함말이나되냐선거유세하세요 평소엔 예의도 없으신분이그럴거면 자기가 쓰시던가요 왜 굳이 남의 아이디로5 성평위해산에 대한 답에 총학은 그래도 성평위가 아직 그런 꼴펨짓을 하진 않앗고 해산되는건 막아주고 싶은 마음에 일단 중단하고 학우들 얘기 더 듣고 하자고 답변한거 같음 솔직히 존나 양측 다 생각해서 중립적으로 쓸라고 고민해서 쓴게 티가 남6 근데 어젴총학생회 위닝데이 가서 열일하고 있는 동안 성평위에서는 단독적으로 총학회장단한테 인성이 터졋네 의식이 없네 하면서 글을씀 거기에 이제 단체들 우루루 달려와서 댓글달아댄거고  ps 성평위야 너네가 총학없으면 성평위일거 같아 총학없음 너네 그냥 꼴페미 딱 그정도야왜 니네 복을 걷어차버렷냐,2018-06-11,6
[],123456,17살 차이 진짜 징그럽네  한남이 또 주제파악 못하고 휴,그런 모순을 견디는 것이 페미니즘이다,2018-06-11,5
[],123456,지금 현 20대 페미들 특,살면서 남자한테 받은 차별보다 같은 여자로부터 받은 차별이 더 많다,2018-06-11,6
[],123456,유튜브에 좀예민해도괜찮아,이거뭐임 존나 페미들이 만든거같은데 왜자꾸 내 유튜브에 뜨냐,2018-06-11,5
[],123456,페미인 사람들 봐봐,다들 지금 20대일거 아니야진짜궁금해서 그러는데지금까지 살면서 여자로써 어떤 혐오와 차별을 받았어,2018-06-11,3
[],123456,밑에 핫게 페미들 개웃긴게,오늘도 만연한 여혐살인에서 우연히 살아남았다이런 프레임으로 글써놨는데우연의 개념이 어떤거길래 대한민국 오천만 인구구성중 여성이 더 많냐우연에 우연에 우연히 개 겹쳐서 근 3천만이 살아남냐,2018-06-11,8
[],123456,난 페미들 이해함,이 대자연이라는 것이 외모가 별로인 여자들을 너무 불행하게 만든다 물론 여신같은 레디컬 페미 못생긴 안티페미도 없는 건 아니지만 평균적으로 봤을 때 못생기면 페미일 확률이 올라가는 건 분명 유의관계가 있잖아 상식적으로도 추론 가능하고그냥 진화과학적으로 남자는 능력과거엔 사냥능력피지컬 권력이 더 중요하고 여자는 외적 아름다움이 더 중요하도록 설계되었는데남자는 운동해서 몸키우고 센스키우고 재밌게 입 잘털고 노력해서 돈 많이 벌고 등등등 외모를 커버칠 수 있는 영역이 많은데여자는 도저히 외모라는 한계를 극복할 수가 없음 죽을 각오로 성형해도 강남미인 되는 겨우 허다하잖아여자는 이쁘면 인생 치트키 쓴거 마냥 노력없이 너무나 많은 혜택을 얻는 대신정말 못생겨버리면 진짜 꿈고 희망도 없는 끔찍한 지옥임그럼 얘네들이 그 엄청난 불행과 그로 인해 파생되는 분노 폭력성을 어딘가에는 분출할 수 밖에 없고그게 내면을 향하면 자존감 갉아먹다 결국 옥상행이기 때문에 생존본능이 방어기제로 작동그 어마어마한 피해의식 분노 폭력성은 남자 사회 흉자를 향하게 되는 것임아 물론 이게 100란건 아니고 한 780 정도의 영향을 끼치는 것 같다는 뜻 세상은 그렇게 단순하지가 않고 복합성이란게 있으니까그리고 분명 여자가 부당한 차별을 받아온 역사와 불합리한 가부장제의 폐해가 아주 약간 잔존하는 건 맞음 남성이 역차별 받는 거랑 별개로 이건 계속 고쳐나가야 하는게 맞음문제는 피해의식과 분노에 휩쌓인 혐오주의자들은 여기에 엄청난 msg와 과장과 비약 등으로 비상식적인 살을 붙인다는 것루저가 일베충이 되는 원리도 약간 비슷한 거 같다,2018-06-11,7
[],123456,페미의 이중성  정치편,어디 그 주둥이 한 번 씨부려바,2018-06-11,2
[],123456,총학에 페미관련 전화항의 한 후기,본인은 오늘 총학사무실에 직접 전화하여 현재 FOC와 관련한 미진한 대응에 대해 불만을 표출했음특히나 팔로워 13000명이 넘는 중앙대 포탈보다도 사람들이 많이 보는 중앙대 총학 페북사이트에 대놓고만연한 강간문화 남성권력같은 입에 담을 수 없는 막말을 하는 게시자들에 대해 왜 제재를 하지 않는지공식적인 반론조차 왜 표명하지 않는지 왜 내가 주변 사람들한테 저딴 소리들을 해명해야 하는지 말 함물론 전화받으신 분은 총 책임자가 아니었고 그분의 반응을 제대로 묘사할수도 있지만 내가 느낀그대로 말하자면내 의견을 집중해서 들어주시고 문제 해결 의지가 보인다였음 현재 총학 내에서도 이 사태에 대해 알고 있으며결정되는대로 총학 헤드들이 입장 표명을 할 것이라고 답변 받았음 마지막으로 난 전화받은 총학학생에게 이렇게 말함 최소한의 애교심이라도 있어서 총학을 하시는 거잖아요 많은 학우들이 이러한 문제에 대해 어떻게 생각하는지 아실거라 믿고 그냥 상식에 입각해서 행동해주셨으면 합니다 힘내시길 바랄게요 라고 요즘 가끔 들리는 말이 인터넷에서만 하면 뭐하냐라고 하는데 나도 그 의견에 일부 동감 하지만 인터넷상의다툼토의의 힘이 절대 작다고 생각하지 않음 상식에 입각한 가치들과 지향점들은 인터넷을 통해 퍼져나가고그걸 보고 지금은 아니지만 누군가는 행동으로 보여줄 수도 누군가는 혼자서라도 투표로도 보여 줄 수 있음FOC반대 청원 같은것도 예전 같으면 귀찮아서 청원도 안 했을거임 그런데 처음 청원은 며칠 두 번쨰 청원은하루도 안 되서200명채웠지 그리고 나처럼 직접 전화하는 학생까지 나왔고안 그래도 살기 힘든 대한민국 젊은 2030들 성별분쟁 만들어서 꿀빨려는 페미들아 지옥이 존재한다면 염라대왕이 니들 얼굴과 이름 한 번쯤은 훑어볼거야 그러니 작작들 하렴 나중에 취업안된다고 난리치지 말고,2018-06-11,10
[],123456,통계청 수상작들 여성계의 통계왜곡 폭로하다,핫게 글에 꼴페미년 하나가 폭동 일으켰길래 제압들어간다httpsrealnewscokrarchives7233통계청의 제2회 통계 바로 쓰기 공모전 수상작 명단에 여성계의 통계왜곡을 지적한 수상작들이 선정됐다는 사실이 알려져 눈길을 끌었다1등 수상작인 대한민국의 성별 임금 격차에 숨겨진 진실강새하늘이 대표적이다 이는 리얼뉴스에 기고한 남녀임금격차 떡밥의 숨겨진 진실과 유사한 논리와 내용전개를 보이고 있으며 인용된 OECD 자료도 동일하다중략3등 수상작에는 한국이 최근 수년 간 100위권의 격차를 보인 것으로 나타난 WEF세계경제포럼의 성격차지수를 산출하는 방식의 부적절성과 이를 국가 간 성평등 순위로 오해하는 관행을 지적하는 세계 성격차 보고서의 왜곡 및 확대해석에 따른 오용오주상노정훈 1등 수상작과 유사한 취지의 한국 남녀 임금격차 꼴찌 통계의 왜곡 해석최진성 등이 실렸다 이 외에도 남성 비교군을 제시하지 않은 채 여성의 취업 문제를 다루는 기사의 문제점을 지적한 여성취업에 대한 편향적 통계 이용 및 왜곡 해석한 사례박진현류제나도 포함됐다장려상에도 데이트폭력성인남성 10명 중 8명 데이트폭력 가해자 보도 속 통계의 왜곡 해석된 활용이나 강력범죄강력범죄의 피해자의 89 여성 피해자 그 속에는 그리고 성매매성인남성 둘 중 한 명은 성매매 경험자에 관한 여성계와 언론 일각의 잦은 통계왜곡을 지적한 수상작들이 다수 선정돼 눈길을 끈다 대부분 본지에서 비판적으로 보도한 통계왜곡의 전형적인 사례이다,2018-06-11,5
[],123456,우파인 여자만나면 80프로 페미거르는거시야,우파인 남자 만나면 80프로 최대일베 최소 야갤인거시야,2018-06-11,4
[],123456,밑에 노 체 쓰는 여친친구 글쓴아,나 평범한 인문사과대 여잔데 페미 절대 아니고 오히려 반페미임  친구들이랑 너 일베하노 메갈하노 하다가 재미로 자주쓰게됨  메갈도 일베도 아닐수잇으니 걱정마,2018-06-11,10
[],123456,총학답변글에 꼴페미들 난리났잖아,걔들 댓글에 좋아요누른 사람 봐봐거기서 아는사람 몇명있음난 딱한명찾았다,2018-06-11,10
[],123456,foc 총학 답변에 페미년들 공유한거 보셈 , 꼴페미새끼들  노답 페미성평위 언냐들 화나서 손발 벌벌떨고잇자나 첫번째 사진에 보이는 것처럼 빨간 부분 누르면 더보임 총학 페북글보면 조만간 성평등한 중앙대를 위해 어떻게 해야 하는가로 간담회 진행한다니까 형들 바쁜거 알지만 꼭 가서 페미년들 팩트로 때려주자,2018-06-11,7
[],123456,페미특팩트,할 일 없는 개백수임정작 먹고 살기 바쁜사람들은 자기 경력쌓느라 바쁘다 부모님이 대주시는 등록금 받아먹으면서 노력도 안하고 등따시게 사니까 쓸데없는 학문 공부하고 취업 안될까봐 걱정은 되는지 나라탓 사회탓 남자탓페미하는 애들 보면 경경공대보다 인문사과대일 확률이 압도적으로 높음페미와 취업안되는 학과간의 상관관계는 과학 그자체다,2018-06-11,10
[],123456,페미여대 여초커뮤등 포함를 걸러야 하는이유,무슨 말이 더 필요할까,2018-06-11,10
[],123456,에타를 모니터링할 페미활동가들에게,난 좌파다이 글을 읽을 페미활동가들의 대다수는에타 찐들이 익명에 숨어 반페미니즘을 배설한다고 생각할 것이다혹자는 에타 찐들이 페북같은 곳에서 왜 반페미니즘을 공개적으로 개진하지 않느냐 한다그러면서 자신들의 윤리적 우월성을 재확인 하던데그러나 원래 PC에 대한 반발심은 그림자에서 크는거다PC는 PC에 동조하는 이들만 호명하고 강화하는 맹점을 갖지 않는가이 쪽글을 적는건 그래서이다이 폭력적인 반발을 또다시 PC를 기준으로 조롱한다면그나마 페미니즘이 점하였던 윤리적인 우월성도 타락한다지금 그럴 싹이 보이고사회의 다른 모순들을 함께 인지한다면 지금의 반발은 가상이 아닌 것이다 성차별과 같은 실재이다에타에서 감정적으로 배설되는 텍스트들을 PC적으로 되받아치지 말고 분석과 해석을 좀 해달라윤리적 우월성의 타락 그 이후엔 관리되었던 모순이 온갖 층위에서 쏟아지고그러한 혼란 속에서는 기존 반동적 가치로의 회귀가 반드시 온다 주어는 열려있다무엇이든지 간에그런 국면에 접어들어 페미니즘의 설 자리가 더 좁아질까 안타깝다페미니즘은 두발로 못선다페미니즘은 다른 사상을 해체하는 비판이론이지 통합이론이 될 수 없는 것인데사회정의를 품으려는 포부로 전략을 짜니 이런 사단이 나는 부분도 있진 않을까그리고 이 글은 내 타임라인에 올라가지 않을 것이다,2018-06-11,1
[],123456,근데 페미나 뭐 위원회나 다 망상충 아니야,남자동기들이랑 밥이나 술도 먹어본적 없으면서 성희롱 이소리하는거 아니야 헌팅은 몰라도 우리 학교에선 그런 동기나 학우들 한명도 못봤는데,2018-06-10,6
[],123456,지금이 전환점이다,여기서 페미한테 밀려서 FOC설립되면 중대 추락 한순간이다다들 단결해서 이겨내자선배들 얼굴에 먹칠은 안된다,2018-06-10,5
[],123456,자존감 높이는법,인스타그램에 탈코 치고 사진구경하면  자존감 높아짐 그래서 심심할때마다 봄tip 여자들 머리빨 화장말 뽀샵빨을 느낄수 있음,2018-06-10,7
[],123456,페미들 발광하는거 너무 재밌어,얼마나 쳐맞어야 쥐죽은듯 지내려나 쓰래기들,2018-06-10,10
[],123456,에타에서아무리떠들어도,페북에서조차 의견형성안하니 변하는게없지페미들은 별의별단체까지몰려와서 글쓰고 좋아요박고 댓글쓰는데 정작 다른의견은 거의없고 좋아요도적음뭐가그렇게 무섭지대체,2018-06-10,4
[],123456,22 160 48 B,페미성향 조금있는데 질문받을겡 ,2018-06-10,7
[],123456,내 생각엔 중앙대 폐미단톡 있음,폐미까는글엔 글 작성 직후가아닌어느정도 2시간3시간 지나서 스크롤 내리지않으면 볼수없는 글에 갑자기비슷한 의견과 내용을 가진 댓글들이 우르르 달림합리적의심 ,2018-06-10,3
[],123456,여친이 페미인지 의심되는데,왜계속사귐,2018-06-10,5
[],123456,두팔 게시판 근황,어떤 페미년이귀여운 일을 하고있단다다들 가서 신고나 한번 눌러보고 오자응 보이루 캡쳐 많이해,2018-06-10,3
[],123456,나 정국관데,정국과 이름으로 욕하지마 난페미 극혐하고 저러는 과 사람들 진짜 싫어한단말이야,2018-06-10,1
[],123456,강간문화가 만연하고 피해자들이 고립되었다는데,대체 그 피해자에 대한 가해자가 대체 누구임피해자는 신상보호해야하니까 안 묻고그런 사건이 있었다면 어떤 사건이었고가해자가 누군지 말 좀 해주셈니들이 말하는 성폭력 사건이 뭐임 중앙대 내에서,2018-06-10,8
[],123456,혹시 인문 사과 중에,페미 성향 강한 과분위기가 싫어서 중동으로 왔다 하는사람 추천한번 눌러보자,2018-06-10,6
[],123456,자꾸 성교육 성평등 교육 이딴말로 물타기하는데,foc 페미등 이런 사상 가지고 있는애들 저거 목적 아니잖아자꾸 사람들 혹하는 말로 성범죄 예방이니 성평등이니 이딴말 들먹거리면서 사람들 혼란주지 말고 정확하게 얘기하고 다녀라 제발너네는 성범죄 예방이나 성평등 목적이 아니라는걸 너네는 그냥 메갈이고 메갈이랑 사상을 공유하고 여자라서 보는 혜택과 이득은 다챙기면서 의무는 하기 싫은 집단이라고 남자들은 개같이 보고 남자가 성범죄 일으키는걸 정치적으로 이용하려는 집단이라고 너네같은 애들 때문에 성평등이란 말이 왜곡되고 이제 성평등이란 말을 들으면 좆꼴페미 부터 생각나게 만든건 너네의 잘못이다 제발 착한사람들 현혹하고 다니지 말고 니네끼리 제발 제에에에발 여대에 갇히든 어딜 가든 제발 여자끼리만 살아라 어디가서 남자도움 받을 생각 말고 어디가서 남자사장 밑에서 일할 생각 말고 어디가서 남자랑 일할생각 말고 남자가 운전하는 택시타지말고 여자들만 있는 음식점 만들고 술집만들고 택시만들고 니네끼리 알아서들 살아 제발,2018-06-10,9
[],123456,페미년들은 왜 중대와서 이야,여대가서 지들끼리 놀던가 왜 와서 인데 은,2018-06-10,4
[],123456,누구보다 여성이 성범죄 당하길 바라는게,페미들임저런 피해자들 이용해서 지들 이권 챙기고 완장질하려는게그짝애들 목표이기 때문 아마 논란이 되고 있는 그 조직도 당장에  학내에서 성범죄좀 제발 터지라고 기도하고 있을걸 일베충들이 흉악범죄 터지면 범인이 전라도 사람이길 기도하는거랑 비슷한 심리임,2018-06-10,3
[],123456,foc  페미애들은,학부생이 무슨 성차별 폭행을 당했길래 난리인거야혹시 아는사람있니 사례라도,2018-06-10,2
[],123456,오냐오냐 해주니까 아주 병 난게 페미아니냐,여자라고 이해해주고 배려해주니까 지랄 똥들을 싸고있네,2018-06-10,8
[],123456,제발 특정학과 싸잡아서 욕하지 좀 말자,페미를 하던 어쩌던 개인이 하고 싶어서 하는 건데 학과를 까는 거는 다른 구성원들한테도 상처 준다고 생각 안해봤니  나도 레디컬 주장쎈거 이런 거 거부감 느낀다고 근데 왜 욕을 맘에 안드는 사람한테나 하지 학과까지 까냐고 내가 전공을 배워보고 싶어서 들어온거지 익명성에 기대서 막말하는 사람 욕받이로 들어온거니,2018-06-10,7
[],123456,FOC무산되었다고,어디한번 외부 여성단체 끌고와봐라 극성페미들아,2018-06-10,8
[],123456,왜 오프라인에서 페미애들 안보이냐,걸리면 명치 존나 쎄게 때리고 싶은데,2018-06-10,1
[],123456,이번이 처음으로 우리나라 남자들이 뭉쳐서 한 방 먹인거같다,항상 페미들 대자보 붙이고 지랄 하는동안 누군가 대신 항의 하겠지 하고 아무것도 안했는데 처음으로 청원도 2개 다 200 넘고 가만히 안있고 계속 항의하니까 총학이 들은 척이라도 하내 계속 이런식으로 나가야 된다고 본다 우리 권리 우리가 알아서 챙겨야지,2018-06-10,3
[],123456,페북 댓글 가관이네,도대체 총학에서 정의하는 성평등과 페미니즘 소수자의 의미가 뭐길래 소수자들을 포함하는 성평등 문화 확산이 아닌 여성주의 확산만을 위한 모습으로 비춰지게 되었습니다 따위의 문장이 나오는지 이해할 수가 없네요 현대의 페미니즘 담론이 트랜스퀴어 장애 노동 담론 등과 결합되고 교차되는 지점을 탐색하기 위해 얼마나 치열한 내외부의 논쟁들을 거치고 있는지 또 현존하는 페미니즘 단체들이 소수자 인권 의제에 있어서 얼마나 열심히 활동하고 있는지 조금이라도 안다면 이따위 소리가 나올 수가 없을텐데요 무슨 한국 페미니즘 사상사에 대해 논문을 쓰라는 것도 아니고 대학 학생회한테 중요한 사업 앞두고 이 정도 알아보라는 것도 무리한 요구입니까FOC 홍보에서 단 한번이라도 응 성소수자 꺼져 우린 생물학적 여성들만 챙길 거야 식의 얘기 한 적이라도 있나요 물론 실제로 다른 소수자들 배제하는 페미니즘 하는 사람들도 있죠 근데 그러니까 페미니즘 연대체 만들자소수자 배제라는 개떡같은 공식은 어디서 도출된 겁니까 그 사람들을 가장 강하게 비판하는 것도 역시 다른 페미니스트들인데요 그리고 애초에 이런 문제에 있어서 페미니즘 내부의 논점에 대해 앞으로 중대 페미니즘 이론과 실천이 어떤 방향으로 나아가야 하는지 논의하기 위해서 FOC 만들려고 한 거 아닙니까그리고 무슨 자신감으로 소수자라는 단어 함부로 갖다 쓰시는지 모르겠는데 올해 포함 지난 몇 년간 어디 총학에서 제대로 소수자 의제에 노력한 적 있나요 기껏해야 소수자의 목소리도 귀기울여야 한다 같은 중학교 윤리 교과서에나 나올 것 같은 뻔한 말로 도배해놓은 기계적 중립 그 자체인 성명서나 페북에 몇 번 올렸죠 하다못해 총학이름 걸고 퀴퍼 한번 나간 적이 없는 것 같은데 지금까지 꼬박꼬박 교내외 소수자 의제에 연대해서 행동해온 교내 페미니즘 단체들을 향해서 야 사람들이 말하는 거 들어보니까 너네가 너무 소수자 배제적이어서 안될 것 같다 이딴 말이나 답변으로 써놓는 게 말이 됩니까라고 하시네욤 ,2018-06-10,3
[],123456,간호대 콘돔사건,요샌 이런생각밖에 안듬만약 그 콘돔발언하신 성희롱 가해자분이 입장 바뀌어서 지나가다 남자한테 그 소리 들었으면 절대 에타 익명 게시글로 안끝남성희롱가해자 실명은 물론이고 기획한 기획자 단과대 과대 등등해서 줄줄이 사과하고도 한달은foc니 사과대 그교수니 무슨 녹지니 어디니 교내 성평등이니 인권 집단 디 목소리내고 대자보 붙고 난리났음성평등이수교육이니 뭐니 줄줄이 생겼겠지이게 성차별임아 남자가 젠더권력 가지고 있어서 여성의 성은 숨겨야 할 것 남성의 성은 당당하게 드러내도 될 것이라서그런소리 들어도 공론화 안되는게 여혐이라고 하려나,2018-06-10,5
[],123456,페미단체들,간호학과 콘돔 사건 피해자 중에 여자도 있는데왜 잠잠하시조설마 가해자가 여자라 그런가요 ,2018-06-10,1
[],123456,외대근황,페미소굴됨,2018-06-10,3
[],123456,간호대 콘돔그거,근데진짜 남자가그랬으면대자보붙고 페북 에타지랄발광나고대가리에 섹스생각만 든 한남이라고 욕존나먹었겠지,2018-06-10,7
[],123456,근데 페미때문에 이제 여성인권,더 악화되는거같은데이번 대림동 사건 이후도 그렇고점점심해질거같은데아닌가,2018-06-10,6
[],123456,이번 간호대사건에 대해 반 바리 녹지 등의 입장문이 궁금하네,이번일은 피해자가 여성이고 가해자도 여성이다페미니즘단체가 여성인권향상을 도모하고 피해자의 편이라면 그리고 자칭 성평등 지향이라면 그놈의 대자보 붙어야지 또만일 입장문 안쓴다면교내 페미니즘 단체들은 여성해방주의조차아닌그저 여성의 범법행위는 정당화하는 이른바 반 법치주의이며 특권주의 나아가서는 나치즘으로 해석할 수 있다어디 지금까지 니들이 뱉어온 병신소리에 모순되지 않는 선 내에서 입장문 써봐라,2018-06-10,10
[],123456,대숲 댓글 그분들 등장,httpsmfacebookcomstoryphpstoryfbid1096220667255664id190747347803005fs0focuscomposer0남의 대자보 뜯어놓고 자기네껀왜 뜯었나 시전허가받진 않았지만 우리껀 절대로 떼면 안된당께패미댓글 좋다고 댓글 좋아요 누른 사람들 보면 다 프로필이 어우야,2018-06-10,10
[],123456,세상 존나 이상해짐,페미랑 프로불편러가 활개치는 세상이라 지방인재니 여성가산점이니하면서 좆같은 이상한 평등사상만 퍼져가지고학교 발전하라고 몇천만원 몇억씩 기부한고액기부자들 혜택줬다고 명시되어있지 않은 특혜 떠는거봐병신들아 정신차려 저런 사람들이 기부금 줘서 니들 축제때 연예인도 부르고 학교에 공기청정기도 설치하고 비대도 설치하는거야학교 발전 위해서 기부한 사람들 학교에서 축제하니까 초대해서 편의좀 봐줬다고 그걸 눈꼴시려하다닠 진짜 내가 기부자 같았으면 좆같아서 기부취소하고 싶을 듯,2018-06-10,2
[],123456,이번 여경사건의 장점,얼마나 기레기들이 남자들이 여혐프레임 갖고 있다는 프레임을 씌워대는지 적나라하게 보여줌또한 페미들이 얼마나 언론에 많은지우리나라 젠더갈등 책임에서 언론은 책임 12등 먹는다,2018-06-10,4
[],123456,총학도 피해자였다 ,이번에 중대신문 읽다가 보고 웃겨서 적어봄 내생각에 총학이 까였던게 청원 답변은 성평등인데 성평위에서 하는짓이 꼴페미 확산이엇던건데 꼴페미를 성평위에서 독단적으로 하고있던것임을 위원장이 인터뷰로 밝힘 성평위 OUT,2018-06-09,7
[],123456,급진적 페미니스트가 전세계적으로 문제다,긴 글을 읽기 전에 시간이 넉넉하신 분은 영상을 보시는 걸 추천드립니다httpswwwyoutubecomwatchv3tt2PC2egA엠마 왓슨은 페미니스트 운동에 남성들도 참여하여 진정한 성평등을 주장했다 하지만 전세계의 급진적인 페미니스트들은 엠마왓슨을 비난하기 시작했다 남자는 페미니스트가 될 수가 없다 아니 애당초 남성이 여성에 대해 논하는 것 자체가 말도 안된다는 주장을 하기 시작했다  여성이 아닌데 여성에 대해 논하느냐 여성의 몸으로서 느끼는 고통도 모르면서 어떻게 이야기를 할 수 있느냐 여성의 권리는 여성이 정한다 엠마왓슨은 급진적인 페미니스트의 반대에 고초를 겪기 시작했고 왓슨이 광고한 화장품 제품 및 한 잡지에서 가슴을 노출한 사진에 대해서 남성을 위한 사진을 찍었다며 원색적인 비난을 받고 있다조던 피터슨  당신은 잘 나가고 있지 못한데 누군가가 잘 엄청 잘 나간다면 그것은 엄청난 고통입니다 왜냐하면 그 존재 자체가 당신을 판단하기 때문입니다 그러니 파괴하고 싶어지는 것이다 그 이상적인 존재를 파괴함으로서 그런 존재를 더 이상 눈 앞에서 보지 않아도 되기 때문이다 그래서 상대를 깍아 내리려 하는 것이다 그렇게 하면 자신이 상대와 대조되는 그 고통을 피할 수 있거든요 페미니즘은 여성의 권익 향상과 남녀평등을 향한 존엄한 움직임이 그 시초였지만 70년대부터 레즈비어니즘과 막시즘이 융합해 잘난 사람들을 끌어내려 모두를 하향평준화 시키려 하는 운동으로 변질되었다 초기에 주장했던 평등한 권리와 모든 여성에게 주어져야 할 선택의 존중을 어느새 무시한 채 급진적 페미니스트가 주장하는 프레임에 들어서지 못하면 도리어 욕받이가 되는 상황이다 페미니즘이 발생하면서 암묵적인 행동강령이 생기고 집단의 가치에 따라 정해진대로 생각하여야 하며 여성의 자유로운 선택보다는 여성이라는 젠더로서의 선택과 가치를 강압하는 상황이 되었다 이성적으로 자아성찰을 해 본다면 내가 주장하는 페미니즘 논리가 정말 성평등을 위한 것인지 아니면 프레임에 씌여져있는 비이성적 논리인지 한 번만 더 생각해보시길 바랍니다,2018-06-09,4
[],123456,foc관련 중대신문 입장 떴네,사설 제목이 곧 1줄 요약 청원에 휘둘리는 FOChttpnewscauonnetnewsarticleViewhtmlidxno33139중대신문 진짜 좋은데페미니즘 관련해서는 너무 좋은 것만 보려고 하는 경향이 아쉬움다들 읽고 각자 판단해봐라,2018-06-09,9
[],123456,그페미교수와 혐오일당에 대하여,내 몸에선 동물들이 좋아하는 채취가 난다군복무 시절 사나운 군견도 밥주는 담당병사보다 나를 더 좋아했었다나는 법학관 고양이들에게 밥한번 준적이 없는데 고양이들은 냥침반 동아리회원들보다 내 사타구니에 올라오는것을 더 선호한다하지만 나의 동물과의 교감능력과 별개로 나는 어릴때 성격더러운 치와와에게 물린적이 있다나의 덩치는 그때보다 세배는 커졌지만 오늘날도 그 작은 치와와를 보면 두렵고 무섭다보통 무언가에 대한 강력한 혐오는 과거의 경험으로부터 기인한다그 분과 그분들을 화나게한 치와와는 누구일까치와와에게 물려놓곤 엉뚱한 강아지들에게 화를 내며대체 왜 애완동물은 모두 악의축이라고 주장하는 것일까남성강간연대를 규탄하는 분들을 보면 오늘도 치와와가 생각난다그분들의 상처를 치료해줄 순둥순둥한 강아지들이 세상에 많다는 것을 꼭 알려주고 싶다,2018-06-09,1
[],123456,트페미녀남경 해체 주장,남경이 쓸모 없는 이유를 밝혀,2018-06-09,3
[],123456,중대에 페미니스트가 한명도 없다는 증거,인권운동 못하겠으면 이권운동 그만해라,2018-06-09,8
[],123456,예전과 요즘의 차이라면,숏컷여자는 그냥 머리짧은 여자로 보였고학내 또는 사회에서 성적인 사건이 일어나면 여자 말을 믿었고여경을 봐도 그냥 아무 생각도 없었고동성애자는 아니여도 동성애자를 존중해주고 싶은 마음도 있었고페미니스트는 남녀평등을 추구하는 사함으로 보였고힘들고 거친 일이 있으면 그래도 남자가 나서서 해야하지않나는 생각도 있었는데지금은숏컷은 탈코르셋할 필요도없어보이는데 탈코르셋한 꼴페미로 보이고성적인 사건이 일어나면 남자가 억울한면이 있지않을까 하는 생각이 들고여경보면 그냥 좆같고동성애자들도 별로 존중해주고 싶지 않고페미니스트는 남녀평등이 아니고 남혐주의자들로밖에 안보이고힘들고 거친일이 있는데 남자만 하면 씨발남녀평등이라며 왜 남자만 좆같은거 시키지 라는 생각이 든다페미니즘 PC 진보정권이 들어오고나서 내 생각이 정말 많이 바뀌었고 편견은 오히려 심해졌네 양보는 점점 하기 싫어지고,2018-06-09,10
[],123456,이번 여경 사건만큼 언론이 단합한 건 첨 보는듯,국회의원이나 대통령 하다못해 기레기 스스로 깔때도 어느정도 찬반이 나뉘었는데이번 여경사건은 한마음 한뜻으로 여경 실드치네페미카르텔이 대단하긴 한가 봄,2018-06-09,4
[],123456,페미들은 지금 고교생들 세뇌 탄압하는 중,인헌 고등학교란 곳에서페미니즘이 아닌 성평등을 지향하는성평화 자율동아리란 곳을 만들었는데여초카페에서 페미니즘에 반대하는 글을 올렸다고 카페내에서 성희롱을 포함한 조롱을 하고그 후 동아리 지도 교사가 사퇴 동아리는 폐지됨학생들이 그 이유를 알아보니 동아리 지도교사랑해당 학교 교장이 남페미라페미니즘을 부정하면 안되고 여성이 차별 받아왔으니남성은 역차별을 감내해야 한다는 사상을 가지고국민신문고에 페미들이 불만사항 접수하자마자동아리를 해체시켜버림이게 페미들의 민낯이다세줄요약1 인헌고라는 곳에서 학생들이 페미니즘이 아닌 성평등을 추구하는 동아리를 만듦2 해당학교 교사와 교장이 남페미라 페미니즘에 반대하는 성평등은 불가하다고 판단3 동아리 지도교사는 사퇴하고 동아리는 해체되어 페미아닌 학생들을 권력으로 제압함httpsmnewsnavercomreadnhnmodeLSDmidsecsid1102oid022aid0003364009,2018-06-09,6
[],123456,광홍 성평위 글 보고왔는데,페미들은 논리가 다 왜 저럼 공부하고 오세요찾아보세요과수준 비하 깨어있지않다 아니면 다 비꼬는 댓글 밖에 없네 논리적인 댓글은 하나도 없는 이유가 뭐야,2018-06-08,1
[],123456,내가 여자였으면 이화여대에 다녔을 것 같다,도대체 교내에서 어떤 커뮤니티가 있고 어떤 교육을 받길래페미니즘 사상에 쉽게 물들 수 있는 것이고사실 자료를 날조해서 선동하는 지경까지 되는 것인지1학년 생활부터 차근차근 분석해보고 싶다2학년 부터 본격적으로 외부에 티를 내는 것 같던데 정말 왜 그런걸까문과 지인이었던의 1학년 시간표를 봤을 때 여성학 강의와 페미니즘교수가 주제를 정해주는건지 학생이 주체적으로 정하는건지 모르겠지만과 관련해서 액티비티를 하는 강의가 있었던 것 같았음,2018-06-08,3
[],123456,맨날 여자남자 지겹지도 않냐,페미 메갈 일베 오유 뷔페니즘 한남충 이러고 싸우는데 비게에는 왜 맨날 허구한날 원나잇 할남자  여자이러냐 진짜 극과 극은 통함이러니 에타하는 사람 거르고 본다는 말 나오지 다식은 떡밥 무덤에서나오는 언데드마냥 쳐 꺼내오는데 뭐 에타에 특정 커뮤니티 이용자가 점령해서 분탕치는거냐,2018-06-08,5
[],123456,이게 걸크러쉬지,페미 병신새끼들이 숏컷 쳐 하는 게 걸크러쉬가 아니라고,2018-06-08,2
[],123456,솔직히 페미들 앞에서 페미편듬,그렇다고 ,2018-06-08,6
[],123456,경찰쪽에서 언론통제까지 해가며 여경 싸안고 도는 이유,경찰의 수뇌부이자 최고존엄인 경찰청은 정부 48개 중앙부처중 여성비율이 가장 높음 약 75 여성부보다 여성비율이 높은곳이 경찰청 일선에서 발로 뛰며 치안유지하는 진짜 경찰은 90가 남자인데 정작 그 머리꼭대기에는 여경들이 앉아있는거 경찰은 신규채용시 뿐만 아니라 매년 체력검정을 해서 그 결과를 인사고과에 반영함 근데 여경 체력검정기준을 올리면 가장 손해보는건 수험생들이 아니라 경찰 수뇌부에서 남경들 부리면서 꿀빨고 있는 간부 구경들 지금까지 여경약자 프레임으로 내근직 독점하고 에어컨히터 빵빵한 사무실에서 근무하면서 현장직들보다 승진도 잘됐는데 여경여론 악화돼서 남경이랑 같은 취급 받으면 지금까지 빨던 꿀 다 뺏기니까 기를 쓰고 여경 쉴드치는거그리고 그런 바탕에는 페미니즘이 자리하고 있고 그 페미니즘을 바탕으로 지금 성평등위원회를 구성하고자 하는거페미니즘 기반으로한 성평등위원회가 존재하면 중앙대 남학우들 어찌될찌 안봐도 뻔하제아직도 올바른 페미니즘 찾는 흑우 없제,2018-06-08,1
